Age,Job,Marital,Education,Default,Balance,HHInsurance,CarLoan,Communication,LastContactDay,LastContactMonth,NoOfContacts,DaysPassed,PrevAttempts,Outcome,CarInsurance
25,0,2,2,0,1,1,1,1,12,8,12,-1,0,1,0
40,4,1,3,0,0,1,1,0,24,5,1,-1,0,1,0
44,4,2,3,0,-1313,1,1,0,15,8,10,-1,0,1,0
27,8,2,2,0,6279,1,0,0,9,9,1,-1,0,1,0
53,10,1,2,0,7984,1,0,0,2,3,1,-1,0,1,0
28,4,2,3,0,12956,1,0,0,2,5,1,399,3,3,1
39,1,1,2,0,1044,1,0,0,2,3,1,-1,0,1,0
50,4,1,3,0,414,1,0,0,3,0,1,302,3,0,0
56,4,0,3,0,408,1,0,1,27,8,1,-1,0,1,0
36,7,1,2,0,1006,1,0,0,21,9,2,-1,0,1,0
45,7,1,2,0,571,1,0,0,19,1,5,-1,0,1,0
38,10,1,3,0,4383,0,0,0,4,3,4,-1,0,1,1
41,1,1,2,0,1236,1,0,0,11,8,3,-1,0,1,0
57,10,1,2,0,109,0,0,0,25,1,4,-1,0,1,0
29,4,1,3,0,168,1,0,1,28,8,1,-1,0,1,0
38,10,1,3,0,1092,1,0,1,21,8,1,-1,0,1,0
53,3,1,1,0,104,0,1,1,5,6,1,-1,0,1,0
60,6,1,2,0,781,1,1,0,12,1,5,-1,0,1,0
43,7,1,3,0,10072,0,0,0,12,8,1,77,5,0,1
36,0,1,3,0,1145,1,0,0,29,7,2,181,3,0,0
28,8,2,2,0,6332,1,0,2,7,8,1,343,4,0,0
68,6,1,2,0,0,0,0,0,22,6,1,-1,0,1,1
47,5,1,0,0,194,0,0,0,4,1,1,-1,0,1,0
43,2,1,2,0,469,0,1,0,20,1,2,-1,0,1,0
36,0,1,2,0,-206,1,0,0,2,3,1,-1,0,1,0
34,1,1,2,0,2137,0,0,1,9,8,4,-1,0,1,0
31,4,1,3,0,81,1,0,0,29,10,2,-1,0,1,0
59,10,0,2,0,2396,0,0,0,20,9,1,-1,0,1,1
40,1,1,2,0,4853,0,0,0,31,5,2,-1,0,1,0
46,0,1,2,0,547,0,1,0,4,1,2,-1,0,1,0
44,1,1,0,0,3373,1,0,0,20,0,2,342,1,0,0
37,10,2,2,0,3326,1,0,1,21,8,1,-1,0,1,0
41,8,1,2,0,803,1,0,0,9,0,4,316,3,0,0
32,10,2,2,0,792,0,0,0,29,1,2,-1,0,1,0
46,1,1,1,0,7934,1,0,1,19,8,1,-1,0,1,0
42,7,1,1,0,3717,0,0,1,20,6,1,-1,0,1,0
50,8,1,2,0,517,1,0,1,26,8,2,-1,0,1,0
64,6,1,3,0,846,0,0,0,11,3,1,181,3,0,1
46,1,1,0,0,336,1,0,0,14,1,3,457,1,2,1
38,1,1,2,0,384,1,0,1,6,8,3,-1,0,1,0
49,10,0,2,0,-1547,1,1,1,27,8,3,-1,0,1,0
52,1,1,0,0,0,1,0,0,9,5,1,-1,0,1,0
32,1,0,1,0,88,1,0,1,8,8,3,-1,0,1,0
59,0,1,2,0,-396,1,0,1,26,8,1,-1,0,1,0
33,10,2,3,0,109,1,1,0,25,8,2,10,7,0,0
45,4,1,2,0,0,1,1,0,28,4,1,-1,0,1,0
60,6,1,2,0,11,0,0,0,29,6,1,586,2,0,1
60,1,1,1,0,4903,0,1,1,9,6,1,-1,0,1,0
47,0,0,2,0,225,0,0,0,28,1,4,-1,0,1,0
40,0,2,2,0,816,0,0,0,31,5,8,-1,0,1,0
34,10,0,2,0,259,0,0,0,11,1,2,-1,0,1,0
37,0,0,2,0,295,1,1,0,11,8,3,265,2,0,0
37,0,0,2,0,34,1,0,1,9,8,3,-1,0,1,0
37,4,2,3,0,156,0,0,0,5,3,10,-1,0,1,0
33,10,2,2,0,211,1,1,0,6,3,2,-1,0,1,0
79,6,1,2,0,723,0,0,2,9,11,1,79,3,0,0
61,0,1,2,0,1046,1,0,0,21,1,1,-1,0,1,0
34,11,2,3,0,1974,0,0,0,22,5,1,342,3,3,1
33,2,2,3,0,99,0,1,0,31,5,3,-1,0,1,0
35,7,1,2,0,188,1,1,1,5,6,2,-1,0,1,0
34,4,2,3,0,13014,0,0,0,12,3,1,183,1,3,1
41,1,2,1,0,1618,1,0,1,14,8,1,-1,0,1,0
25,8,1,2,0,806,1,1,0,15,8,2,-1,0,1,0
40,4,2,3,0,0,0,1,0,17,9,1,-1,0,1,0
45,4,2,3,0,2532,0,0,0,29,5,6,-1,0,1,0
39,4,2,2,0,113,1,0,2,27,1,9,-1,0,1,0
47,6,1,1,0,1374,0,1,2,8,8,2,359,3,0,0
33,10,2,2,0,1994,1,0,1,2,6,9,-1,0,1,0
32,0,1,2,0,51,1,1,0,14,4,1,87,2,2,0
43,4,0,3,0,2367,0,0,0,22,7,2,181,4,3,1
56,10,1,3,0,272,0,0,0,26,1,2,-1,0,1,1
28,4,2,2,0,292,1,1,2,5,3,1,-1,0,1,0
35,4,1,3,0,-468,1,0,0,30,5,8,-1,0,1,0
30,10,2,2,0,863,1,0,1,16,8,5,-1,0,1,0
50,4,2,3,0,3537,0,0,1,24,10,1,-1,0,1,0
34,1,1,2,0,649,1,0,0,6,8,1,363,1,2,1
51,10,1,0,0,413,1,0,2,28,4,2,254,2,0,0
58,6,0,3,0,1321,0,0,2,29,5,6,-1,0,1,0
38,0,1,2,0,0,1,0,0,8,11,1,92,3,3,1
52,8,1,2,0,-1,0,1,1,26,6,3,-1,0,1,0
50,4,2,3,0,709,1,0,0,8,8,1,-1,0,1,0
46,5,1,0,0,2367,0,0,1,6,6,3,-1,0,1,0
24,0,2,2,0,753,1,0,0,30,7,15,-1,0,1,0
33,4,2,3,0,6807,0,0,0,21,10,2,184,1,3,1
28,0,2,2,0,261,1,1,0,29,4,3,142,6,3,1
45,1,1,2,0,8680,1,0,1,13,8,1,-1,0,1,0
35,7,2,3,0,353,0,0,0,12,1,1,-1,0,1,1
39,10,1,3,0,508,0,0,0,4,7,1,122,3,0,1
51,4,1,3,0,0,1,0,1,16,8,5,-1,0,1,0
26,1,2,2,1,81,0,1,0,8,5,2,-1,0,1,0
44,1,1,1,0,-101,1,0,0,15,8,1,366,4,0,0
31,1,2,2,0,183,0,0,0,27,1,4,-1,0,1,0
58,4,0,3,0,5037,1,0,0,18,9,2,-1,0,1,0
27,1,2,3,0,644,0,0,0,2,6,1,182,1,3,1
31,1,1,2,0,671,1,0,1,18,6,4,-1,0,1,0
33,4,2,3,0,1271,1,0,0,15,0,3,330,1,0,0
59,6,1,2,0,2396,0,0,0,27,1,6,-1,0,1,0
42,4,0,0,0,7702,0,0,0,16,3,2,-1,0,1,0
26,0,2,2,0,102,0,1,0,8,5,2,-1,0,1,0
36,1,1,1,0,828,0,0,0,13,8,1,345,8,0,1
40,4,2,3,0,-199,1,1,1,30,8,1,-1,0,1,0
59,10,1,2,0,7766,1,0,0,25,3,1,461,1,0,0
28,1,2,2,0,322,0,0,2,11,11,2,95,3,2,1
33,10,2,3,0,0,0,0,0,14,1,2,-1,0,1,1
46,1,1,1,0,6150,1,0,0,20,9,2,-1,0,1,0
25,4,2,3,0,155,1,0,2,28,5,3,-1,0,1,0
33,4,2,3,0,923,1,0,1,30,8,6,-1,0,1,0
39,4,2,1,0,375,0,0,2,31,5,2,-1,0,1,0
40,0,1,2,0,2591,1,1,0,7,0,1,266,2,2,1
35,1,1,0,0,1201,0,0,1,18,6,1,-1,0,1,0
32,4,1,3,0,2667,1,0,0,4,7,1,181,4,0,0
37,0,1,3,0,2741,0,0,1,16,6,4,-1,0,1,0
31,8,2,2,0,0,1,0,0,17,0,2,-1,0,1,0
33,0,1,2,0,13160,0,0,0,10,5,1,-1,0,1,0
39,10,1,2,0,251,1,0,0,17,5,2,-1,0,1,0
34,9,2,0,0,5969,0,0,0,23,6,2,292,10,0,1
30,1,2,2,0,332,0,0,0,14,5,3,-1,0,1,0
23,1,2,2,0,780,1,0,0,15,8,1,-1,0,1,0
42,1,1,2,0,-336,1,0,0,14,5,2,-1,0,1,0
28,4,2,3,1,1414,1,0,0,8,5,1,521,1,0,0
26,11,2,3,0,3511,0,0,0,30,0,2,-1,0,1,0
55,1,1,2,0,1569,1,0,0,8,8,4,-1,0,1,0
31,0,2,2,0,223,1,0,0,17,0,1,315,11,3,1
30,0,2,2,0,914,1,0,0,28,10,3,272,1,0,0
31,10,2,2,0,0,1,0,0,31,5,34,-1,0,1,0
32,4,2,3,0,26,0,0,0,10,5,6,-1,0,1,0
29,1,2,2,0,369,1,0,0,4,8,5,346,3,0,0
26,10,2,3,0,152,0,0,0,30,4,2,2,1,2,1
44,4,2,3,0,483,0,0,0,6,7,2,199,6,3,1
35,10,1,2,0,0,1,0,0,19,9,4,-1,0,1,0
47,10,1,2,0,293,0,0,0,1,6,1,90,1,3,1
32,8,1,2,0,38,1,0,0,15,8,1,-1,0,1,0
34,1,1,2,0,634,0,1,0,12,8,3,-1,0,1,0
46,10,1,0,0,3308,0,0,0,27,10,1,91,2,3,1
41,10,0,2,0,475,1,0,0,28,1,7,-1,0,1,0
25,8,1,2,0,0,1,0,0,24,5,9,-1,0,1,0
26,11,2,3,0,3466,0,0,0,6,10,2,-1,0,1,1
43,7,1,2,0,56,1,0,0,8,8,3,-1,0,1,0
52,0,0,2,0,1256,1,0,0,1,0,3,-1,0,1,0
26,7,2,3,0,1444,0,0,0,12,6,5,-1,0,1,0
37,8,1,2,0,1399,1,0,0,17,0,1,-1,0,1,0
42,0,1,2,0,8238,1,1,0,16,0,2,149,5,2,0
36,10,2,2,0,0,0,0,0,21,1,1,-1,0,1,1
38,7,2,3,0,1612,1,0,0,8,8,1,-1,0,1,0
53,6,1,1,0,0,0,0,0,30,5,1,-1,0,1,0
40,10,2,3,0,39,0,0,0,5,1,2,-1,0,1,1
54,4,1,0,0,831,1,1,2,2,5,1,125,2,2,0
31,4,2,3,0,1836,1,0,0,12,1,2,-1,0,1,0
33,4,2,3,0,373,0,1,0,27,5,1,180,4,0,0
45,4,1,3,0,4119,1,1,2,31,1,2,283,1,3,0
29,4,2,2,0,3317,0,1,2,4,8,7,-1,0,1,0
62,6,1,2,0,3114,0,0,0,18,8,2,186,1,3,1
49,4,1,2,0,543,1,0,1,20,8,3,-1,0,1,0
34,10,1,2,0,1,0,0,0,28,1,2,-1,0,1,0
44,8,1,2,0,522,0,1,1,20,6,1,-1,0,1,0
41,2,1,1,0,39,1,0,0,21,9,2,-1,0,1,0
28,9,2,2,0,5916,0,0,0,11,1,1,81,6,0,1
37,10,2,2,0,1590,1,0,0,9,0,5,315,3,2,1
56,10,1,2,0,107,0,0,2,11,5,4,-1,0,1,0
29,4,1,3,0,314,0,0,1,28,8,2,-1,0,1,0
29,4,2,3,0,4331,0,0,0,7,5,1,-1,0,1,1
30,1,2,2,0,239,1,0,1,23,8,1,-1,0,1,0
32,1,1,2,1,-1,1,0,1,9,8,1,-1,0,1,0
47,3,1,1,0,1747,1,0,0,20,0,1,-1,0,1,0
48,4,1,2,1,-998,1,0,0,18,9,1,-1,0,1,0
26,1,1,2,0,557,1,1,1,27,8,2,-1,0,1,0
36,8,1,2,0,11650,1,0,2,29,5,1,-1,0,1,0
47,0,0,2,0,-480,0,0,1,28,8,1,-1,0,1,0
55,4,2,3,0,1092,1,1,1,15,8,4,-1,0,1,0
45,8,1,2,0,4,1,0,1,20,6,9,-1,0,1,0
24,4,2,3,0,1030,0,0,0,4,7,2,-1,0,1,1
78,6,1,0,0,4807,0,0,2,3,3,2,104,4,3,1
37,4,2,3,0,1027,1,0,0,2,7,1,152,2,3,1
27,9,2,2,0,279,0,0,0,12,10,1,-1,0,1,1
40,2,1,3,0,865,0,0,0,21,9,2,-1,0,1,0
25,1,2,2,0,192,0,0,2,4,5,2,-1,0,1,0
50,1,1,1,0,14,1,1,1,26,8,1,-1,0,1,0
33,8,1,2,0,404,1,0,1,7,8,1,-1,0,1,0
44,0,1,2,1,-204,1,0,0,8,8,1,347,2,0,0
32,0,1,3,0,284,1,0,0,29,0,3,-1,0,1,0
49,0,1,2,0,387,1,0,1,14,8,1,-1,0,1,0
61,6,1,2,0,280,1,0,1,15,8,3,-1,0,1,0
58,6,0,3,0,3237,0,0,2,31,10,1,-1,0,1,0
49,1,0,1,0,24,1,0,0,11,8,1,362,1,3,1
31,4,1,2,0,1064,0,0,2,20,9,1,-1,0,1,0
44,1,1,2,0,-99,1,0,1,6,8,2,-1,0,1,0
43,4,1,2,0,107,1,1,2,28,10,1,-1,0,1,0
33,0,1,2,0,95,1,0,0,30,0,1,-1,0,1,0
50,1,1,1,0,565,1,1,0,28,1,3,-1,0,1,0
49,1,1,1,0,217,1,0,0,5,3,2,196,4,2,1
50,11,0,0,0,1088,0,0,0,2,3,1,-1,0,1,1
49,10,1,2,0,788,0,0,1,17,6,7,-1,0,1,0
36,0,2,2,0,0,1,0,0,21,9,2,-1,0,1,0
66,6,1,2,0,154,0,0,0,15,5,5,181,2,0,0
38,10,0,3,0,465,0,1,0,28,5,3,-1,0,1,0
35,11,1,3,0,1057,1,0,0,8,0,2,-1,0,1,0
58,8,1,2,0,1301,1,0,0,11,8,1,286,2,0,0
54,6,0,1,0,477,1,0,1,19,8,4,-1,0,1,0
33,1,1,2,0,-208,1,1,0,4,8,3,360,1,0,0
30,7,2,3,0,916,0,0,0,29,2,2,-1,0,1,0
39,10,1,3,0,2869,0,0,0,3,0,1,-1,0,1,1
37,8,1,2,0,616,1,0,0,17,0,1,-1,0,1,0
32,4,2,3,0,2016,0,0,0,13,0,1,348,1,3,1
33,0,1,3,0,79,1,0,0,5,8,1,195,4,3,1
35,10,1,2,0,294,1,0,0,9,7,1,90,4,3,1
38,10,1,2,0,-228,1,0,0,7,5,4,-1,0,1,0
79,6,1,2,0,2661,0,0,0,10,9,5,-1,0,1,1
38,0,0,2,0,198,1,0,1,26,8,2,-1,0,1,0
54,11,1,2,0,23,1,0,1,8,8,3,-1,0,1,0
45,0,1,2,0,925,0,0,0,6,1,2,-1,0,1,0
31,1,1,2,0,1716,1,0,0,13,0,2,340,2,2,1
28,10,2,3,0,2489,1,0,2,27,3,2,-1,0,1,0
29,9,2,2,0,658,0,0,0,15,5,2,244,4,2,1
27,1,1,2,0,61,1,0,1,19,6,1,-1,0,1,0
40,2,1,2,0,1349,0,0,0,20,9,3,-1,0,1,0
49,1,1,2,0,3728,1,0,0,11,5,2,-1,0,1,0
33,4,1,3,0,0,1,0,1,2,6,1,-1,0,1,0
24,10,2,2,0,-256,1,0,1,26,8,2,-1,0,1,0
30,4,2,3,0,3340,0,0,0,3,6,3,-1,0,1,1
24,0,2,3,0,454,1,0,0,15,6,1,-1,0,1,0
22,9,2,2,0,216,0,0,0,6,1,1,179,2,3,1
35,2,1,2,0,6851,1,0,0,19,9,1,-1,0,1,0
58,6,1,1,0,1241,0,0,0,18,1,2,-1,0,1,0
33,4,0,2,0,5,1,0,1,13,8,1,-1,0,1,0
30,4,1,3,0,1825,1,0,1,9,8,1,-1,0,1,0
36,4,2,3,0,1743,1,0,0,28,5,2,-1,0,1,0
25,1,2,2,0,303,0,0,0,18,7,1,-1,0,1,0
49,4,1,3,0,78,1,0,0,8,0,3,-1,0,1,0
42,1,1,1,0,187,1,0,1,3,6,1,-1,0,1,0
41,10,2,3,0,1646,1,0,0,5,1,3,92,8,3,1
54,10,2,3,0,118,0,0,0,5,0,1,-1,0,1,1
46,1,2,3,0,283,0,0,0,7,0,1,-1,0,1,1
36,9,2,2,0,904,0,0,2,5,3,9,8,13,2,1
30,9,2,3,0,3026,0,0,0,23,5,1,535,1,0,1
33,10,0,2,0,557,1,0,0,20,9,1,91,1,0,0
30,8,2,2,0,399,1,1,1,23,8,3,-1,0,1,0
36,10,2,2,0,380,1,0,1,20,8,1,-1,0,1,0
42,10,1,2,0,-245,0,1,1,26,8,1,-1,0,1,0
43,1,1,2,0,1495,1,0,0,12,8,1,-1,0,1,0
50,1,1,2,0,2641,1,0,1,30,8,3,-1,0,1,0
45,8,1,2,0,-33,0,0,0,28,4,3,-1,0,1,0
44,4,0,3,0,5773,0,0,1,23,8,6,-1,0,1,0
25,10,2,2,0,959,0,0,0,9,5,5,-1,0,1,0
59,4,1,2,0,42,0,0,0,21,9,1,-1,0,1,1
41,1,1,2,0,235,1,0,1,14,8,1,-1,0,1,0
52,4,1,3,0,193,0,0,0,30,0,1,269,1,0,0
59,10,1,2,0,4263,0,1,0,20,9,2,-1,0,1,0
53,10,1,2,0,195,1,0,0,19,8,1,90,6,3,1
46,9,2,0,0,1527,0,0,0,8,11,3,184,1,3,1
32,1,1,1,0,424,1,0,1,19,8,2,-1,0,1,0
68,6,0,1,0,2027,0,0,0,14,11,2,91,4,3,1
37,8,2,2,0,23,1,0,0,28,6,1,182,1,0,0
31,10,2,3,0,244,0,0,0,25,1,4,-1,0,1,0
47,7,1,3,0,1917,0,0,1,20,6,2,-1,0,1,0
34,4,2,3,0,2187,1,0,0,4,8,5,-1,0,1,0
46,0,1,1,0,96,0,0,2,4,3,2,-1,0,1,0
52,10,1,2,0,195,1,0,0,18,3,1,63,5,0,0
54,4,1,1,0,2587,0,0,0,2,6,2,-1,0,1,1
51,1,1,1,0,480,1,0,0,12,8,1,326,5,0,0
32,10,0,2,0,0,1,0,0,10,1,2,-1,0,1,0
36,7,1,2,0,1184,1,0,0,6,0,1,-1,0,1,0
40,11,0,2,0,452,0,0,0,20,9,1,-1,0,1,1
36,4,2,3,0,2944,0,0,0,18,1,8,-1,0,1,0
75,6,1,3,0,4912,0,0,2,20,10,2,183,5,0,0
38,9,2,3,0,3316,0,0,1,17,6,3,-1,0,1,0
39,6,0,1,0,284,0,0,2,31,5,8,-1,0,1,0
52,7,1,3,0,730,1,0,0,30,10,2,-1,0,1,0
51,2,1,0,0,606,1,0,1,28,8,9,-1,0,1,0
54,0,1,2,0,602,0,0,0,3,7,2,-1,0,1,1
38,2,2,2,0,2543,0,0,0,10,1,1,414,4,0,1
70,6,1,2,0,6422,0,0,0,10,7,1,-1,0,1,1
49,10,1,1,0,1415,1,0,0,30,5,2,-1,0,1,0
34,1,2,2,0,20,1,1,0,18,9,2,-1,0,1,0
53,1,1,1,0,238,1,0,0,11,8,2,361,5,0,0
36,1,1,1,0,378,1,0,0,5,8,1,-1,0,1,0
40,1,1,1,0,607,1,0,1,19,6,1,-1,0,1,0
34,1,1,2,0,457,1,0,1,9,8,1,-1,0,1,0
29,0,1,2,0,111,0,1,0,11,5,1,-1,0,1,0
33,0,2,2,0,241,0,0,0,22,5,1,-1,0,1,0
27,10,1,2,0,616,1,0,0,5,3,1,-1,0,1,0
36,1,1,2,0,1049,1,0,0,14,8,4,-1,0,1,0
33,10,1,2,0,74,0,0,0,29,1,2,-1,0,1,0
23,9,2,2,0,1234,0,0,0,15,3,1,91,1,3,1
38,1,1,2,0,22,1,1,1,7,8,4,-1,0,1,0
52,7,1,3,0,6657,0,0,2,30,0,1,-1,0,1,0
56,10,0,2,0,146,1,0,0,5,1,3,-1,0,1,0
40,8,1,2,0,10406,0,0,0,21,9,2,127,4,2,1
41,4,1,3,0,6060,1,0,1,15,8,2,-1,0,1,0
31,4,2,3,0,165,0,1,0,8,1,2,-1,0,1,0
30,4,2,3,0,2876,0,0,0,6,1,4,-1,0,1,0
46,1,1,1,0,-339,1,1,0,11,8,2,-1,0,1,0
30,8,0,2,0,436,1,0,0,17,6,1,-1,0,1,0
78,6,1,1,0,8556,0,0,2,21,0,2,-1,0,1,0
27,1,2,2,0,181,0,0,1,13,8,1,-1,0,1,0
42,0,1,3,0,1536,0,0,0,5,3,1,182,3,3,1
33,0,2,2,0,901,0,0,0,3,3,5,6,3,2,1
46,1,1,1,0,369,1,0,1,13,8,2,-1,0,1,0
49,1,1,2,0,783,1,0,1,12,8,4,-1,0,1,0
21,9,2,1,0,423,0,0,2,18,4,5,285,5,3,1
31,10,1,2,0,3706,1,0,0,20,9,1,-1,0,1,0
51,6,1,2,0,2127,1,0,1,5,8,1,-1,0,1,0
44,4,1,2,0,8262,1,0,0,6,0,1,257,16,0,1
30,8,2,2,0,-158,1,0,0,12,8,1,370,2,0,0
31,2,2,3,0,0,0,0,1,3,6,5,-1,0,1,0
29,1,1,2,0,424,1,1,1,14,8,2,-1,0,1,0
33,7,2,3,0,4996,0,0,0,20,9,1,-1,0,1,1
55,0,1,2,0,1633,0,0,0,11,4,1,192,2,3,1
49,0,1,3,0,8413,0,0,0,19,1,6,-1,0,1,0
32,1,2,2,0,160,1,0,2,29,4,1,265,1,0,0
33,4,1,3,0,0,1,0,2,4,8,7,-1,0,1,0
51,1,1,1,0,3764,0,0,2,9,7,3,181,6,3,1
49,11,1,3,0,377,0,0,0,22,8,1,59,2,0,0
49,4,0,2,0,-46,1,0,1,9,6,10,-1,0,1,0
37,0,1,2,0,96,0,0,0,5,3,1,182,3,3,1
32,8,2,2,1,687,1,0,0,18,8,1,-1,0,1,0
39,4,1,3,0,5495,1,0,0,19,1,6,-1,0,1,0
55,10,1,3,0,169,0,1,0,5,1,2,-1,0,1,1
40,1,0,1,0,21,1,0,1,9,8,1,-1,0,1,0
65,5,1,0,0,4717,0,0,2,6,1,1,-1,0,1,0
62,4,1,3,0,1859,0,0,2,6,1,3,-1,0,1,0
37,10,2,2,0,3665,0,0,0,12,1,3,-1,0,1,1
43,8,0,2,0,-287,1,0,0,20,0,4,-1,0,1,0
54,10,1,3,0,395,0,0,0,30,0,1,183,2,3,1
49,1,1,2,0,-42,0,0,0,6,1,4,-1,0,1,0
43,11,1,1,0,960,1,1,1,15,8,2,-1,0,1,0
46,1,1,2,0,922,1,0,2,8,5,1,-1,0,1,0
28,10,2,2,0,227,0,0,0,30,0,1,-1,0,1,0
32,1,2,1,0,121,1,0,0,20,9,1,-1,0,1,0
51,11,1,2,0,-267,0,1,1,19,6,2,-1,0,1,0
41,2,1,2,0,30,0,0,0,30,0,1,-1,0,1,0
52,10,0,2,0,-558,0,0,0,14,1,5,-1,0,1,0
38,0,1,2,0,1280,1,0,0,6,0,1,-1,0,1,0
50,4,1,1,0,1458,0,0,0,28,4,1,-1,0,1,0
32,8,0,2,0,130,1,0,0,30,4,3,-1,0,1,0
33,4,2,3,0,1962,0,0,0,13,5,1,181,1,0,0
44,8,0,2,0,-368,1,0,0,5,8,1,-1,0,1,0
44,1,1,0,0,146,1,0,1,15,8,1,-1,0,1,0
32,1,1,2,0,501,1,1,1,30,8,5,-1,0,1,0
54,0,1,2,0,1633,0,0,0,3,5,2,-1,0,1,1
42,2,1,0,0,206,1,0,0,30,5,2,-1,0,1,0
33,1,1,2,0,529,1,0,1,28,8,3,-1,0,1,0
50,2,0,3,0,1790,0,1,0,6,3,3,-1,0,1,0
30,10,1,2,0,4733,1,0,1,21,8,2,-1,0,1,0
33,2,2,3,0,1623,1,0,0,2,11,3,-1,0,1,0
42,4,1,3,0,263,1,0,1,7,8,1,-1,0,1,0
29,0,1,2,0,-211,1,0,0,18,8,1,-1,0,1,0
58,11,1,3,0,183,0,0,0,21,9,5,-1,0,1,1
51,10,1,2,0,-1944,1,0,0,7,8,1,-1,0,1,0
30,0,2,2,0,-36,0,0,0,16,5,9,-1,0,1,0
22,7,2,3,0,780,0,0,0,17,7,3,-1,0,1,0
37,0,2,2,0,483,0,0,0,31,5,11,-1,0,1,0
54,8,1,2,0,214,1,0,1,5,8,2,-1,0,1,0
53,4,1,3,0,8563,1,0,0,18,9,1,-1,0,1,0
58,6,1,1,0,4158,0,0,0,13,1,2,-1,0,1,0
39,8,1,2,0,53,0,0,1,5,7,1,394,1,0,0
64,4,1,3,0,4688,0,0,0,21,10,1,-1,0,1,1
54,4,1,3,0,1451,0,0,0,25,1,7,-1,0,1,0
49,1,2,1,0,48,0,0,0,9,3,3,-1,0,1,0
72,6,2,3,0,1285,0,0,2,1,5,4,150,9,0,0
28,9,2,2,0,0,1,0,1,15,8,3,-1,0,1,0
34,8,1,2,0,1337,0,0,0,17,2,2,127,3,3,1
26,0,2,1,0,-122,1,0,1,23,6,3,-1,0,1,0
62,4,1,3,0,5008,0,0,2,4,6,2,-1,0,1,0
31,9,2,2,0,216,0,0,0,3,6,1,-1,0,1,1
52,1,1,2,0,955,0,1,0,17,6,2,134,4,3,1
40,4,1,1,0,472,1,0,1,30,8,2,-1,0,1,0
32,10,2,2,0,324,0,1,0,23,3,1,-1,0,1,0
41,4,1,3,0,27696,0,0,0,12,1,2,104,1,0,0
39,1,1,1,0,-197,1,0,1,20,8,2,-1,0,1,0
60,7,1,3,0,10861,0,0,0,9,9,1,91,2,0,1
44,1,1,1,0,-237,1,0,2,10,5,1,-1,0,1,0
32,8,2,2,0,148,1,0,0,18,9,1,-1,0,1,0
54,10,0,2,0,447,1,0,1,14,8,4,-1,0,1,0
44,11,1,2,0,1590,1,0,1,12,6,1,-1,0,1,0
32,10,2,2,0,258,0,0,1,3,6,3,-1,0,1,0
36,10,2,2,0,12264,0,0,0,11,10,1,182,2,3,1
44,4,0,3,0,0,0,0,1,18,6,3,-1,0,1,0
32,1,1,2,0,-428,1,0,1,13,8,1,-1,0,1,0
30,8,1,2,0,0,1,0,0,21,9,4,-1,0,1,0
33,4,1,3,0,334,0,0,0,25,9,1,-1,0,1,0
36,1,1,2,0,537,0,0,1,19,6,6,-1,0,1,0
51,1,1,1,0,97,0,0,0,13,1,2,-1,0,1,0
29,4,2,3,0,224,1,0,0,24,0,2,81,3,0,0
53,4,1,2,0,1925,1,0,1,26,8,1,-1,0,1,0
34,10,1,2,0,806,0,0,0,19,5,3,458,1,3,1
37,8,1,2,0,-1006,1,1,0,20,0,2,-1,0,1,0
40,7,0,3,0,1077,0,0,0,19,9,1,-1,0,1,1
45,10,1,2,0,1118,1,0,2,22,5,1,-1,0,1,0
37,1,1,1,0,2120,1,0,0,21,9,4,-1,0,1,0
56,4,0,3,0,442,0,0,1,28,8,3,-1,0,1,0
39,8,1,3,0,16,0,0,1,19,6,1,-1,0,1,0
26,10,1,3,0,450,1,1,1,12,8,1,-1,0,1,0
36,4,1,3,0,6138,1,1,0,21,9,4,-1,0,1,0
30,4,2,3,0,3473,0,0,0,12,7,2,-1,0,1,1
25,7,2,2,0,1242,1,0,1,28,8,2,-1,0,1,0
34,2,2,3,0,2945,1,0,0,17,0,1,-1,0,1,0
33,1,2,2,0,498,0,0,0,30,0,1,-1,0,1,0
26,0,1,2,0,1595,0,0,0,15,6,1,105,1,0,0
45,1,1,1,0,300,1,0,0,29,4,1,261,3,0,0
39,8,2,2,0,1163,1,0,0,7,8,3,363,2,2,1
59,0,1,2,0,0,1,0,0,10,5,1,-1,0,1,0
31,8,1,2,0,1801,1,0,2,6,3,1,274,2,0,0
29,4,2,3,0,983,1,0,0,11,5,2,-1,0,1,0
30,8,2,2,0,114,0,1,0,18,5,10,-1,0,1,0
43,1,1,1,0,3917,0,0,0,2,7,1,-1,0,1,1
45,4,1,3,0,3643,0,0,0,21,9,1,-1,0,1,1
57,8,1,2,0,162,1,0,1,5,8,1,-1,0,1,0
35,4,1,3,0,2161,0,0,0,9,11,3,-1,0,1,1
23,8,2,2,0,1393,1,1,0,18,8,8,-1,0,1,0
39,2,1,2,0,2139,1,0,0,15,8,4,371,1,0,0
27,9,2,3,0,118,0,0,0,31,1,3,98,1,0,0
75,6,1,2,0,3771,0,0,2,15,0,1,181,2,3,1
48,2,2,3,0,318,1,0,0,5,3,4,-1,0,1,0
60,6,0,3,0,979,1,0,0,15,5,1,181,4,3,1
56,10,1,2,0,170,1,0,0,5,8,2,294,4,2,1
40,1,1,1,0,236,1,0,1,20,8,2,-1,0,1,0
48,11,2,3,0,3229,0,0,1,16,6,1,-1,0,1,1
36,1,2,1,0,20,1,0,1,21,8,14,-1,0,1,0
42,0,0,2,0,24,1,0,0,6,8,2,-1,0,1,0
32,4,1,3,0,2431,1,0,0,14,8,5,-1,0,1,0
37,4,1,3,0,2987,1,0,0,13,8,1,87,10,3,1
34,11,2,2,0,1965,0,0,2,4,8,1,-1,0,1,0
43,8,0,0,0,159,0,0,1,16,6,4,-1,0,1,0
26,1,2,2,0,2007,0,0,0,13,5,3,182,2,3,1
32,10,1,2,0,557,1,0,0,6,8,2,-1,0,1,0
31,4,1,3,0,537,1,0,0,18,1,1,-1,0,1,0
42,10,1,2,0,-113,1,1,0,29,5,5,-1,0,1,0
57,4,0,0,0,854,0,0,0,6,10,1,40,5,3,1
45,1,1,2,0,333,0,1,0,6,1,2,-1,0,1,0
43,1,1,1,0,2598,0,0,0,5,8,2,-1,0,1,0
38,10,2,2,0,0,1,0,1,6,6,1,-1,0,1,0
33,4,1,3,0,5289,1,0,0,6,8,2,-1,0,1,0
29,9,1,3,0,10596,1,0,0,12,0,1,-1,0,1,0
30,8,1,2,0,419,1,0,1,28,8,1,-1,0,1,0
35,4,2,3,1,-1980,1,1,0,11,1,1,-1,0,1,0
45,8,2,2,0,1378,1,0,0,15,8,5,372,2,0,0
30,10,2,3,0,290,0,0,0,11,1,5,-1,0,1,0
60,6,0,2,0,545,1,0,1,6,8,1,-1,0,1,0
30,0,2,2,0,0,0,0,0,4,11,3,-1,0,1,0
40,10,1,2,0,17,0,0,2,17,9,1,-1,0,1,0
32,10,1,2,0,84,0,1,0,29,5,3,-1,0,1,0
28,0,2,2,0,261,1,1,0,9,11,2,98,4,3,1
35,4,1,3,0,0,1,1,0,6,8,1,351,1,2,1
32,7,1,1,0,286,1,0,0,6,1,1,-1,0,1,0
45,0,0,3,0,569,1,0,0,14,8,1,-1,0,1,0
30,7,2,3,0,251,0,0,0,12,5,1,-1,0,1,1
58,2,1,3,0,2920,1,0,1,9,6,1,-1,0,1,0
39,3,1,0,0,9716,0,0,1,20,6,2,-1,0,1,0
29,1,1,1,0,1615,1,0,1,28,8,1,-1,0,1,0
27,4,2,3,0,1720,0,0,0,15,6,1,224,3,3,1
73,4,1,3,0,1609,0,0,0,14,5,2,-1,0,1,1
36,10,1,2,0,30,0,0,0,27,1,2,-1,0,1,0
47,1,1,2,0,238,1,1,0,13,7,1,-1,0,1,0
33,4,2,3,0,318,1,0,0,8,0,1,141,3,2,1
38,7,2,2,0,4056,0,0,1,11,6,2,-1,0,1,0
52,6,1,0,0,293,0,0,1,11,6,1,-1,0,1,0
35,10,1,3,0,4,1,0,0,14,8,1,-1,0,1,0
32,0,2,3,0,594,1,0,1,13,8,2,-1,0,1,0
32,4,1,3,0,794,1,1,0,9,5,1,-1,0,1,0
46,7,1,1,0,2295,1,0,1,11,6,1,-1,0,1,0
35,4,1,3,0,810,0,0,1,11,6,4,-1,0,1,0
58,3,1,3,0,1280,0,1,1,9,6,1,-1,0,1,0
37,0,2,2,0,862,0,0,0,21,5,2,-1,0,1,0
57,6,1,2,0,3738,1,0,0,20,5,2,92,8,0,0
72,6,1,1,0,2304,0,0,2,5,8,4,-1,0,1,0
47,4,0,3,0,2515,0,0,1,20,6,3,-1,0,1,0
50,0,1,2,0,4855,0,0,0,5,1,2,-1,0,1,0
77,6,1,3,0,699,0,0,0,13,1,2,-1,0,1,1
34,8,1,2,0,0,1,0,0,21,9,1,-1,0,1,0
38,4,0,3,0,6368,1,0,0,4,8,4,-1,0,1,0
29,3,2,3,0,2196,0,0,0,5,1,1,-1,0,1,1
41,8,1,1,0,455,1,0,1,14,8,1,-1,0,1,0
50,7,1,2,0,38,1,0,0,9,5,1,-1,0,1,0
44,2,1,2,0,692,0,0,1,18,6,4,-1,0,1,0
32,10,1,2,0,484,1,0,0,12,1,2,463,1,3,1
47,4,1,3,0,1147,0,0,0,2,6,1,95,1,0,0
29,10,2,3,0,1185,1,0,1,26,8,1,-1,0,1,0
34,4,2,3,0,212,0,0,0,25,7,8,-1,0,1,0
34,8,1,2,0,703,0,0,0,17,0,2,150,2,0,0
26,8,2,2,0,901,1,0,1,26,8,2,-1,0,1,0
38,4,1,2,0,844,0,0,0,9,3,7,-1,0,1,0
35,10,1,3,0,1354,0,0,0,2,6,2,-1,0,1,1
34,1,2,2,0,47,1,0,0,14,0,1,147,2,0,0
42,0,1,2,0,-396,1,0,0,11,8,1,308,4,0,0
66,4,1,0,0,2149,1,0,0,25,3,1,87,10,0,0
53,10,1,3,0,9001,0,0,0,5,0,1,-1,0,1,1
36,8,2,2,0,-253,1,0,0,14,0,1,-1,0,1,0
39,10,1,2,0,287,1,0,1,23,8,1,-1,0,1,0
31,4,1,3,0,4015,1,0,0,2,3,2,241,3,2,1
61,1,1,2,0,272,0,0,0,29,10,1,269,1,0,0
32,0,1,2,0,1293,1,0,1,7,8,2,-1,0,1,0
48,1,1,1,0,683,1,0,0,9,3,5,209,12,0,0
45,0,1,2,0,67,0,0,0,5,3,2,-1,0,1,0
36,10,1,2,0,72,1,0,0,19,9,3,-1,0,1,0
23,0,2,3,0,230,0,0,0,5,6,1,-1,0,1,1
34,1,1,2,0,496,1,0,0,13,8,1,-1,0,1,0
24,8,1,2,0,4500,1,0,0,11,8,2,-1,0,1,0
55,10,1,0,0,240,1,0,0,2,1,3,277,1,3,1
49,10,2,2,0,1245,0,0,0,29,0,2,198,2,0,0
26,9,2,2,0,334,0,0,2,4,3,1,-1,0,1,0
32,7,2,3,0,0,1,0,0,6,8,1,-1,0,1,0
55,1,1,2,0,840,1,0,1,6,8,2,-1,0,1,0
34,4,1,3,0,73,0,0,0,4,3,2,-1,0,1,1
23,4,2,3,0,2143,0,0,0,30,7,2,-1,0,1,0
63,7,1,3,0,661,0,0,0,2,7,2,-1,0,1,1
32,1,1,2,0,335,1,0,0,13,8,3,370,1,0,0
33,7,2,3,0,94,1,0,0,5,8,2,-1,0,1,0
34,1,1,2,0,1089,1,0,0,13,8,3,-1,0,1,0
39,4,1,0,0,76,0,0,0,15,11,1,183,1,3,1
37,10,2,2,0,1211,1,0,1,21,8,1,-1,0,1,0
30,4,1,3,0,1221,1,0,2,25,5,4,-1,0,1,0
37,1,1,0,0,444,0,0,0,1,10,1,94,9,2,1
46,10,1,2,0,388,0,0,0,4,3,9,7,1,2,1
33,10,2,2,0,3806,1,0,0,8,8,3,-1,0,1,0
44,1,1,1,0,194,1,0,1,28,8,2,-1,0,1,0
42,4,1,3,0,72,1,0,0,20,0,2,348,3,0,0
48,4,1,3,0,612,0,0,0,26,5,7,292,1,2,1
37,4,1,3,0,115,0,0,1,7,8,1,-1,0,1,0
57,4,1,3,0,10583,0,0,0,28,11,3,98,3,3,1
38,10,2,3,0,23,0,0,0,23,5,1,-1,0,1,1
59,6,1,1,0,56,0,0,0,21,1,5,-1,0,1,0
34,4,1,2,0,29,0,1,0,17,5,2,-1,0,1,0
37,7,1,3,0,129,0,0,0,18,1,2,-1,0,1,0
33,10,1,3,0,8023,0,0,0,25,3,1,87,4,0,0
36,7,1,3,0,107,1,0,1,6,8,1,-1,0,1,0
33,0,0,2,0,661,1,0,0,11,1,1,99,7,0,0
46,0,1,2,0,660,0,0,0,6,1,2,-1,0,1,0
43,10,1,2,0,536,1,0,0,17,9,1,-1,0,1,0
33,1,1,2,0,328,1,0,0,20,0,1,264,9,0,0
33,0,0,2,1,-18,1,0,0,6,8,1,359,3,0,0
53,1,1,1,0,1294,0,0,1,28,10,1,-1,0,1,0
42,4,1,0,0,587,1,0,1,19,6,9,-1,0,1,0
37,1,1,2,0,453,1,1,1,23,8,1,-1,0,1,0
34,10,2,2,0,1763,0,0,0,11,1,2,-1,0,1,1
30,10,2,2,0,4787,1,0,0,18,9,1,167,2,0,0
45,1,1,2,0,534,0,0,0,27,1,6,-1,0,1,0
32,1,2,1,0,216,1,0,0,7,8,2,351,1,3,1
43,1,1,2,0,1343,1,1,0,25,5,2,-1,0,1,0
49,0,0,2,0,560,1,0,0,25,5,3,-1,0,1,0
53,4,1,3,0,232,1,0,2,29,4,1,-1,0,1,0
55,1,1,1,0,1649,1,0,0,12,8,3,-1,0,1,0
61,6,1,1,0,103,0,0,0,7,2,1,-1,0,1,1
34,8,1,2,0,2211,0,0,1,8,8,1,-1,0,1,0
60,10,1,1,0,65,1,0,1,9,8,2,-1,0,1,0
50,0,1,2,0,1138,1,1,0,31,5,8,-1,0,1,0
39,1,1,1,0,118,0,0,0,3,3,1,-1,0,1,0
38,8,1,2,0,0,1,1,0,11,8,2,304,2,0,0
50,4,1,3,0,536,0,0,1,20,6,3,-1,0,1,0
31,4,2,3,0,0,1,0,1,23,8,1,-1,0,1,0
43,8,2,2,0,518,1,0,0,11,8,1,370,1,0,0
29,4,2,3,0,1218,0,0,0,30,4,2,-1,0,1,0
33,1,0,2,0,3546,1,0,1,23,8,2,-1,0,1,0
57,6,1,2,0,5313,0,0,0,16,2,2,196,1,3,1
33,4,1,0,0,117,0,1,0,9,5,2,-1,0,1,0
56,6,1,0,0,4391,1,0,1,16,8,1,-1,0,1,0
36,4,1,3,0,203,0,0,0,29,10,1,-1,0,1,0
50,0,0,2,0,86,0,0,0,28,5,7,-1,0,1,0
32,4,1,3,0,4,0,0,0,22,1,4,-1,0,1,0
26,10,1,2,0,523,0,0,0,4,6,1,126,1,0,0
53,0,1,2,0,3765,0,0,1,20,6,3,-1,0,1,0
35,4,1,3,0,1473,1,1,0,16,0,3,-1,0,1,0
57,10,1,2,0,28,1,0,0,8,8,1,358,1,0,0
54,4,0,3,0,-449,1,0,0,14,8,1,-1,0,1,0
31,9,2,2,0,1776,0,0,0,15,6,1,207,1,2,1
38,3,0,2,0,70,0,0,0,27,10,3,148,1,3,1
43,4,1,3,0,354,0,0,0,14,1,10,-1,0,1,0
34,4,1,3,0,703,1,0,0,14,0,1,-1,0,1,0
72,6,1,3,0,2,0,0,0,7,1,2,-1,0,1,1
27,10,2,2,0,489,1,0,0,30,5,4,-1,0,1,0
36,4,1,3,0,93,0,0,0,12,5,2,182,7,0,1
43,1,1,2,0,3060,1,0,1,15,8,2,-1,0,1,0
36,4,2,0,0,62,0,0,0,13,5,1,91,2,3,1
47,4,1,3,0,288,0,0,0,31,7,1,181,1,3,1
40,8,1,2,0,17,0,0,0,4,6,1,-1,0,1,1
50,4,1,3,0,19,0,1,0,23,5,1,-1,0,1,0
42,10,1,1,0,275,0,0,0,31,5,9,-1,0,1,0
50,10,0,2,0,148,1,0,0,17,0,2,-1,0,1,0
76,6,1,1,0,3324,0,0,0,13,1,2,192,1,0,0
55,1,1,2,0,3917,1,0,0,18,8,1,-1,0,1,0
25,1,1,2,0,97,1,0,1,27,8,1,-1,0,1,0
58,11,1,1,0,1183,0,0,0,31,5,5,-1,0,1,0
28,4,2,3,0,502,0,0,0,16,6,2,-1,0,1,1
52,11,1,2,0,94,0,0,0,30,0,1,-1,0,1,0
53,8,1,2,0,197,1,0,0,17,0,1,-1,0,1,0
30,1,2,2,0,348,1,0,0,14,8,3,358,1,2,1
31,0,2,2,0,2104,1,0,1,3,6,1,-1,0,1,0
30,0,1,3,0,1717,0,1,1,2,5,2,-1,0,1,0
50,4,1,3,0,1759,0,0,0,19,1,2,-1,0,1,0
56,10,1,3,0,1062,0,0,1,20,6,2,-1,0,1,0
37,3,0,2,0,1040,1,0,0,21,9,1,184,1,2,1
53,2,0,0,0,4736,1,0,1,3,6,5,-1,0,1,0
47,0,1,3,0,1979,0,0,0,18,1,6,-1,0,1,0
56,4,1,3,0,6798,1,0,0,17,9,1,-1,0,1,0
32,4,2,3,0,312,0,0,0,26,8,2,98,2,3,1
33,4,0,3,0,471,0,0,1,23,8,4,-1,0,1,0
31,4,2,3,0,4718,1,0,0,21,9,1,-1,0,1,0
31,4,1,3,0,1755,1,0,1,21,8,2,-1,0,1,0
49,10,1,3,0,1071,0,0,0,17,6,1,-1,0,1,1
43,10,2,2,0,293,1,0,1,15,8,1,-1,0,1,0
43,4,1,3,0,0,0,0,0,18,5,1,-1,0,1,1
69,6,1,1,0,2346,0,0,0,11,3,2,-1,0,1,1
23,9,2,2,0,381,0,0,0,23,3,1,189,2,2,1
43,4,1,3,0,41630,0,0,0,18,1,4,-1,0,1,0
53,0,1,1,0,228,1,0,1,16,8,1,-1,0,1,0
36,0,2,2,0,733,1,0,0,20,0,1,322,2,2,1
25,1,2,2,0,303,0,0,0,18,6,1,92,1,3,1
23,4,2,3,0,1506,0,0,0,9,7,4,-1,0,1,0
43,4,2,3,0,483,0,0,0,19,1,6,-1,0,1,0
35,11,2,3,0,415,0,0,0,4,3,1,176,1,0,1
29,10,2,3,0,2489,1,0,0,3,7,1,86,5,0,0
28,11,2,3,0,1010,1,0,1,4,6,2,-1,0,1,0
36,1,1,1,0,70,1,0,0,28,4,1,-1,0,1,0
31,4,1,3,0,6138,0,0,0,16,10,2,119,5,0,0
53,3,1,1,0,-286,1,0,0,9,5,1,-1,0,1,0
25,1,2,2,0,389,0,0,0,3,6,1,-1,0,1,1
46,4,1,0,0,2466,0,0,2,1,0,3,370,1,0,0
76,6,1,2,0,242,0,0,2,16,11,3,-1,0,1,0
41,1,2,2,0,1880,0,1,0,14,8,1,356,10,2,1
36,0,1,3,0,0,1,0,0,22,5,1,-1,0,1,0
28,4,2,3,0,874,1,0,0,5,6,1,-1,0,1,0
28,4,2,3,0,278,0,1,0,29,4,1,-1,0,1,0
32,0,1,2,0,51,1,1,0,7,5,1,-1,0,1,0
72,6,1,1,0,4657,0,0,0,22,2,3,309,5,3,1
41,1,1,1,0,164,1,0,0,12,8,4,330,11,2,1
32,0,1,2,0,9049,1,0,0,21,9,1,-1,0,1,0
45,8,1,2,0,770,1,0,0,8,8,1,-1,0,1,0
33,0,1,2,0,30,1,0,2,5,8,2,-1,0,1,0
32,10,2,3,0,1710,1,0,0,15,8,1,175,3,2,1
18,9,2,0,0,348,0,0,0,5,8,4,-1,0,1,0
50,10,0,0,0,2794,0,0,0,12,1,2,-1,0,1,0
37,4,1,3,0,1276,0,0,0,16,9,1,94,2,3,1
29,7,2,3,0,3290,0,0,0,23,7,1,291,2,3,1
46,1,1,1,0,648,0,0,0,14,1,4,-1,0,1,0
54,11,0,2,0,309,0,0,0,20,0,1,-1,0,1,1
37,7,1,2,1,0,1,0,0,17,5,1,-1,0,1,0
49,7,0,2,0,6116,1,0,0,21,9,1,-1,0,1,0
34,4,2,3,0,2646,0,0,0,14,0,1,-1,0,1,1
29,8,1,2,0,1135,1,0,0,26,8,2,98,1,3,1
33,11,0,2,0,0,1,0,0,18,9,2,-1,0,1,0
52,1,1,1,0,281,1,0,0,16,0,4,335,3,2,1
32,7,2,3,0,2559,0,0,0,7,5,1,-1,0,1,1
40,1,1,2,0,-648,1,0,0,21,9,2,-1,0,1,0
56,11,1,2,0,216,0,0,1,19,6,1,-1,0,1,0
43,4,1,2,0,10273,0,0,0,7,1,2,-1,0,1,0
30,1,1,2,0,322,1,0,0,20,0,2,326,1,2,1
38,4,1,3,0,0,1,0,2,12,2,1,-1,0,1,0
48,4,1,1,0,3230,1,0,2,20,9,3,-1,0,1,0
52,10,0,2,0,935,0,0,1,1,5,1,-1,0,1,0
30,8,1,2,0,-27,1,0,0,18,5,1,-1,0,1,0
22,1,2,2,0,682,0,0,0,5,6,2,91,1,3,1
50,7,0,3,0,13,1,0,0,20,0,1,-1,0,1,0
41,10,2,2,0,30,0,0,1,23,8,1,-1,0,1,0
32,1,1,1,0,0,1,1,0,8,8,2,361,4,0,0
26,8,2,2,0,-189,0,1,0,17,5,2,-1,0,1,0
55,6,1,1,0,3334,0,0,0,14,1,4,-1,0,1,0
41,1,1,2,0,5517,1,0,0,10,5,1,-1,0,1,0
60,6,1,2,0,90,1,0,0,25,5,3,-1,0,1,0
43,8,1,2,0,3608,1,0,1,16,8,6,-1,0,1,0
35,11,1,0,0,144,0,0,0,30,5,3,-1,0,1,0
29,1,1,2,0,7863,1,0,0,14,8,1,-1,0,1,0
30,4,1,3,0,1185,1,0,0,21,5,4,-1,0,1,0
44,10,2,2,0,1548,1,0,0,21,9,6,-1,0,1,0
34,0,2,2,0,0,1,0,1,27,8,2,-1,0,1,0
39,1,1,2,0,130,1,0,1,13,8,6,-1,0,1,0
29,10,1,2,0,95,0,1,0,3,3,3,-1,0,1,0
34,1,0,0,0,172,0,0,0,15,6,1,-1,0,1,0
81,6,1,1,0,1154,0,0,2,17,11,1,-1,0,1,0
36,4,1,3,0,9,0,0,0,11,1,4,-1,0,1,0
64,6,1,2,0,1574,0,0,2,29,5,3,-1,0,1,0
40,10,1,2,0,2338,0,0,0,16,10,2,-1,0,1,1
47,4,1,3,0,286,0,0,0,22,1,7,-1,0,1,0
69,6,1,2,0,0,0,0,0,27,5,1,90,4,3,1
55,11,0,2,0,309,0,0,0,21,10,2,184,1,3,1
52,10,1,2,0,117,0,0,0,26,3,3,186,6,3,1
57,7,2,1,0,6056,1,0,0,21,9,5,-1,0,1,0
34,0,2,2,0,5057,1,0,0,19,9,1,-1,0,1,0
26,4,2,3,0,222,0,0,0,26,10,1,120,3,3,1
59,6,1,1,0,143,1,0,1,19,6,1,-1,0,1,0
29,4,2,3,0,1377,0,0,0,8,0,2,-1,0,1,1
40,1,1,1,1,-23,0,1,0,7,5,3,-1,0,1,0
36,1,1,1,0,319,1,0,0,13,8,2,301,1,0,0
37,10,1,2,0,0,1,1,0,15,5,3,-1,0,1,0
44,0,1,2,0,-314,0,0,0,18,8,3,-1,0,1,0
70,6,1,3,0,44,0,0,0,18,11,2,88,2,2,1
52,6,0,1,0,-779,1,1,0,17,0,1,-1,0,1,0
25,1,2,0,0,431,1,0,0,16,0,1,317,12,0,0
33,4,1,2,0,369,0,0,0,11,3,1,-1,0,1,0
40,10,1,3,0,0,1,0,0,17,5,3,-1,0,1,0
53,0,1,2,0,-197,1,1,1,15,8,1,-1,0,1,0
54,10,1,2,0,473,0,1,0,2,9,1,81,1,0,0
45,0,1,2,0,1206,0,0,2,8,3,1,446,3,0,0
34,0,1,2,0,1406,1,0,0,20,1,2,85,1,3,1
56,0,1,2,0,1694,0,0,0,21,1,10,-1,0,1,0
51,1,1,1,0,257,0,0,0,8,1,4,-1,0,1,0
39,1,1,1,0,1966,1,0,1,21,8,1,-1,0,1,0
37,10,1,2,0,24,1,0,0,13,1,1,105,2,0,0
49,10,1,3,0,3726,0,0,0,5,1,2,-1,0,1,1
47,8,2,2,0,917,0,0,0,29,5,2,-1,0,1,0
53,0,0,2,0,28,1,1,0,12,8,4,-1,0,1,0
23,8,2,2,0,870,0,0,0,6,5,4,-1,0,1,0
41,8,2,2,0,397,1,0,1,20,8,15,-1,0,1,0
59,10,1,2,0,259,0,0,0,18,7,1,-1,0,1,1
57,6,1,2,0,2774,0,0,0,18,1,6,-1,0,1,0
35,4,2,3,0,62,1,0,0,20,0,3,-1,0,1,0
54,6,1,1,0,-58,0,0,0,12,8,4,-1,0,1,0
25,1,2,2,0,51,1,0,0,6,8,3,356,4,2,1
49,1,1,1,0,1644,1,0,0,25,5,4,-1,0,1,0
43,4,1,3,0,1258,0,0,1,20,10,1,-1,0,1,0
49,4,1,3,0,64,0,0,1,11,6,1,-1,0,1,0
38,10,1,2,0,217,0,1,0,16,5,3,-1,0,1,0
35,8,0,2,0,543,1,0,0,22,5,2,-1,0,1,0
35,0,2,3,0,62,0,1,0,30,0,1,-1,0,1,0
33,0,2,2,0,101,1,0,1,6,8,1,-1,0,1,0
35,10,1,2,0,4508,1,0,0,18,9,1,-1,0,1,0
38,0,1,3,0,293,0,0,0,15,0,1,-1,0,1,0
49,10,1,2,0,597,1,1,0,7,1,2,-1,0,1,0
33,4,1,2,0,609,1,0,1,21,8,2,-1,0,1,0
40,0,1,3,0,1108,0,0,0,11,1,2,112,1,3,1
39,4,1,3,0,1795,0,0,0,8,1,7,-1,0,1,0
29,7,2,3,0,0,1,0,0,8,5,1,-1,0,1,0
38,10,1,3,0,664,0,0,0,22,1,2,-1,0,1,0
31,7,2,3,0,1536,1,0,0,13,8,1,-1,0,1,0
53,6,1,1,0,0,0,0,0,31,5,3,-1,0,1,0
35,8,1,2,0,1317,1,0,1,21,8,4,-1,0,1,0
34,11,1,1,0,309,0,0,0,5,3,1,-1,0,1,1
59,3,0,2,0,0,0,0,1,17,6,1,-1,0,1,0
36,10,2,2,0,0,0,0,0,8,5,1,-1,0,1,1
44,0,1,2,0,5181,1,1,0,31,5,7,-1,0,1,0
29,4,2,3,0,268,0,0,0,16,0,1,-1,0,1,1
35,10,1,3,0,1629,0,0,0,25,5,4,-1,0,1,0
39,8,1,2,0,186,1,0,0,17,0,1,-1,0,1,0
50,1,1,1,0,370,1,0,2,26,1,6,-1,0,1,0
26,10,2,2,0,237,1,0,0,4,8,3,-1,0,1,0
49,0,2,1,0,655,1,0,0,13,8,5,-1,0,1,0
65,6,1,2,0,2,0,0,0,14,0,1,-1,0,1,1
43,1,1,1,0,1579,1,0,2,11,8,1,284,4,2,0
36,2,1,3,0,3057,0,0,1,16,6,4,-1,0,1,0
39,8,1,2,0,823,1,1,0,28,5,2,-1,0,1,0
52,4,1,2,0,335,0,0,0,21,10,1,182,1,0,0
55,0,1,2,0,-2,0,0,0,28,1,1,-1,0,1,0
92,6,1,0,0,775,0,0,0,26,4,4,96,3,3,1
30,1,2,2,0,6900,0,0,0,21,9,1,-1,0,1,0
33,11,1,2,0,1211,0,0,0,11,3,1,188,1,3,1
54,10,0,2,0,0,1,0,1,16,8,1,-1,0,1,0
30,10,2,3,0,-3,1,0,0,24,5,4,-1,0,1,0
25,9,2,2,0,2354,0,0,0,30,0,1,84,7,3,1
28,10,2,3,0,4253,1,0,0,4,3,6,-1,0,1,0
28,9,2,2,0,0,0,0,0,20,0,1,-1,0,1,0
56,1,1,2,0,1210,0,0,1,11,6,1,-1,0,1,0
37,10,0,2,0,79,0,0,0,21,5,1,-1,0,1,0
38,0,2,2,0,-327,0,0,0,22,5,5,-1,0,1,0
50,4,1,1,0,791,0,0,1,9,6,5,-1,0,1,0
32,4,2,3,0,935,0,0,0,9,9,1,91,7,3,1
75,6,1,2,0,291,0,0,0,11,3,1,183,1,0,1
34,4,2,3,0,1058,1,0,1,28,8,2,-1,0,1,0
33,1,0,1,0,176,1,0,1,8,8,1,-1,0,1,0
34,4,2,3,0,1228,0,0,0,5,3,8,-1,0,1,0
37,0,2,2,0,309,1,0,0,15,8,3,-1,0,1,0
47,1,1,2,0,292,0,0,0,10,3,1,-1,0,1,0
38,1,1,1,0,1131,1,0,1,29,8,3,-1,0,1,0
41,8,2,2,0,-675,1,1,0,18,7,4,-1,0,1,0
33,4,1,2,0,3132,1,0,1,23,8,5,-1,0,1,0
49,8,1,2,0,3554,0,0,0,4,1,1,-1,0,1,1
43,0,1,2,0,-150,0,1,0,21,9,2,136,3,0,0
34,8,2,2,0,-30,0,0,0,21,5,3,-1,0,1,0
43,4,2,3,0,-50,1,1,0,18,5,2,-1,0,1,0
63,6,1,2,0,1486,0,0,0,14,8,5,316,3,2,1
39,1,1,1,0,451,1,0,1,20,8,1,-1,0,1,0
27,7,2,3,0,147,0,0,0,22,6,5,-1,0,1,0
54,4,0,3,0,487,1,0,1,21,8,4,-1,0,1,0
48,10,1,3,0,443,1,0,0,8,8,2,-1,0,1,0
60,1,1,1,0,631,0,0,0,12,1,2,-1,0,1,0
32,0,1,2,0,3052,1,1,0,20,0,3,151,4,0,0
49,1,1,2,0,3309,1,0,0,15,8,2,-1,0,1,0
47,3,1,2,1,-1531,1,0,0,31,5,8,-1,0,1,0
34,0,1,2,0,635,1,0,1,26,8,1,-1,0,1,0
30,4,2,3,0,872,1,0,0,15,8,1,298,2,0,0
57,3,1,1,0,571,0,0,0,26,7,2,-1,0,1,0
31,8,1,2,0,393,0,0,0,14,5,2,-1,0,1,0
35,0,2,2,0,507,1,0,0,22,5,2,-1,0,1,0
35,1,1,1,0,2953,1,0,2,6,8,2,-1,0,1,0
60,4,1,2,0,544,0,0,0,12,6,7,357,2,0,0
33,1,1,2,0,1240,1,0,0,12,8,1,-1,0,1,0
56,4,1,2,0,0,0,0,0,27,10,1,111,8,2,1
44,4,2,3,0,1206,0,0,0,9,5,2,-1,0,1,1
33,4,2,3,0,3161,1,0,0,2,0,3,-1,0,1,0
66,6,1,3,0,908,0,0,0,28,4,2,-1,0,1,1
53,0,0,0,0,236,1,0,1,7,8,1,-1,0,1,0
62,6,1,3,0,2557,1,0,0,10,9,1,57,8,3,1
60,6,1,1,0,155,0,0,0,25,1,7,-1,0,1,0
35,0,1,1,0,189,1,0,0,11,8,1,-1,0,1,0
31,0,2,2,0,144,1,0,1,4,5,11,-1,0,1,0
37,7,1,2,0,487,0,1,0,27,1,15,-1,0,1,0
36,0,0,2,0,-611,1,0,1,27,8,1,-1,0,1,0
36,10,0,2,0,1,0,0,0,8,1,3,-1,0,1,0
27,10,2,2,0,3267,0,1,0,31,5,13,-1,0,1,0
41,10,1,2,0,4004,0,0,0,17,0,2,-1,0,1,0
41,4,0,3,0,1757,0,0,0,26,1,13,-1,0,1,0
37,4,1,3,0,675,0,0,0,26,1,13,-1,0,1,0
33,4,1,2,0,3935,1,0,0,6,8,1,342,2,0,0
38,1,2,1,0,350,1,0,1,21,8,1,-1,0,1,0
71,6,0,0,0,392,0,0,2,7,5,2,-1,0,1,0
34,10,1,3,0,178,1,0,0,18,9,1,-1,0,1,0
28,1,2,2,0,524,1,0,0,6,8,2,-1,0,1,0
35,10,1,3,0,16,1,0,0,5,8,5,-1,0,1,0
42,10,1,3,0,757,0,0,0,10,3,1,-1,0,1,1
45,4,1,3,0,0,0,0,0,14,1,2,-1,0,1,0
75,6,1,1,0,358,0,0,0,17,3,11,-1,0,1,0
27,4,2,2,0,116,1,0,0,6,3,2,-1,0,1,0
30,4,1,3,0,8089,1,0,0,18,7,2,294,2,0,0
60,4,1,1,0,252,1,1,0,13,0,2,147,3,0,0
46,0,0,2,0,-454,1,0,1,26,8,1,-1,0,1,0
25,9,2,2,0,3090,0,0,0,21,1,1,-1,0,1,0
52,0,0,2,0,363,1,0,0,21,1,1,462,1,3,1
42,4,0,3,0,0,0,0,1,6,6,1,-1,0,1,0
69,6,0,3,0,247,0,0,0,22,0,2,-1,0,1,1
51,2,1,1,0,805,1,0,0,8,1,4,-1,0,1,0
39,10,2,2,0,709,1,0,0,10,5,1,-1,0,1,0
56,11,1,1,0,0,1,0,1,26,8,1,-1,0,1,0
36,8,1,2,0,3064,1,0,2,11,8,4,-1,0,1,0
47,11,1,2,0,926,0,0,0,14,1,1,403,5,3,1
29,4,2,3,0,0,1,0,0,13,8,1,351,1,0,0
51,0,1,2,0,255,0,0,0,29,1,2,-1,0,1,0
37,4,1,3,0,0,0,0,0,15,4,2,196,1,2,1
55,1,1,0,0,890,0,0,0,22,1,2,-1,0,1,0
42,0,2,2,0,734,1,0,0,16,0,2,317,3,0,0
59,10,1,2,0,259,0,0,0,15,6,1,89,1,3,1
28,1,1,1,0,-65,1,0,0,4,8,4,-1,0,1,0
28,0,2,2,0,2290,1,0,0,18,8,1,-1,0,1,0
48,4,1,3,0,1093,1,1,0,13,10,2,-1,0,1,0
57,6,1,3,0,34,0,1,0,28,4,1,-1,0,1,0
32,4,2,3,0,2360,0,0,0,3,3,2,160,5,2,1
57,10,1,0,0,1617,1,0,1,7,8,2,-1,0,1,0
30,8,1,2,0,152,1,0,1,9,8,2,-1,0,1,0
46,1,1,2,0,1723,0,0,0,26,0,3,192,4,2,1
62,4,0,3,0,5943,0,0,2,17,3,4,-1,0,1,0
37,1,1,2,0,125,0,0,1,26,8,2,-1,0,1,0
49,10,2,2,0,1377,0,0,0,5,1,1,-1,0,1,1
36,4,1,3,0,1133,1,0,0,4,1,1,181,2,2,1
28,9,2,3,0,0,0,0,0,28,11,2,105,7,2,1
25,8,2,2,0,402,0,1,0,7,5,1,-1,0,1,0
38,10,1,2,0,865,1,0,0,30,0,3,-1,0,1,0
27,0,2,2,0,4745,0,0,2,12,9,4,192,1,2,0
34,4,1,3,0,3047,0,0,0,30,0,1,160,5,2,1
40,1,1,1,0,0,0,0,0,24,5,1,-1,0,1,0
36,1,1,2,0,1828,1,0,2,17,10,1,-1,0,1,0
34,4,1,3,0,2037,0,0,0,15,2,2,-1,0,1,0
45,4,1,3,0,21024,1,0,0,20,0,4,-1,0,1,0
43,4,0,3,0,0,1,0,0,21,5,1,-1,0,1,0
47,4,1,3,0,109,1,0,0,22,5,1,-1,0,1,0
35,10,0,2,0,5724,1,0,1,30,8,10,-1,0,1,0
41,8,0,2,0,840,1,0,0,2,3,1,-1,0,1,0
34,7,1,2,0,1813,0,0,0,4,8,5,-1,0,1,0
23,8,2,2,0,425,1,0,1,3,6,1,-1,0,1,0
48,4,1,3,0,1741,1,1,2,18,9,1,-1,0,1,0
22,9,2,0,0,3317,0,0,0,10,1,1,-1,0,1,0
60,6,1,2,0,197,0,0,0,7,10,1,-1,0,1,1
38,1,2,1,0,0,1,0,0,17,0,1,-1,0,1,0
28,7,2,3,0,805,0,0,0,16,3,1,-1,0,1,1
36,11,2,1,0,1729,0,0,0,21,9,1,-1,0,1,1
29,8,2,2,0,887,0,0,0,4,3,1,-1,0,1,1
37,4,2,3,0,33,1,0,0,12,7,1,-1,0,1,0
24,1,1,2,0,685,1,0,1,26,8,3,-1,0,1,0
31,0,2,2,0,0,0,0,0,17,0,3,-1,0,1,0
33,10,2,3,0,34,0,0,0,28,1,30,-1,0,1,0
43,1,2,1,0,-234,1,1,1,2,6,1,-1,0,1,0
31,4,2,3,0,6413,0,0,0,13,1,2,-1,0,1,0
77,4,1,0,0,1780,1,0,0,23,10,2,183,3,3,1
30,1,0,1,0,1,1,0,1,6,6,9,-1,0,1,0
54,4,0,3,0,-125,0,1,0,8,1,2,-1,0,1,0
25,10,2,2,0,1199,0,0,0,1,6,1,-1,0,1,1
47,1,1,2,0,3715,0,0,0,12,3,2,182,4,2,1
43,0,1,3,0,1924,1,0,1,7,8,7,-1,0,1,0
59,11,0,2,0,2026,0,0,0,2,6,1,-1,0,1,1
32,10,2,3,0,35,0,0,0,20,1,8,-1,0,1,0
31,0,2,2,0,144,1,0,0,21,9,2,140,11,0,0
54,2,1,2,0,653,1,0,1,15,8,1,-1,0,1,0
43,0,2,2,0,733,1,0,0,19,9,3,-1,0,1,0
27,4,2,3,0,390,0,0,0,9,3,2,104,2,0,0
24,0,2,2,0,507,1,0,1,13,8,3,-1,0,1,0
36,8,2,2,0,328,1,0,0,13,8,3,-1,0,1,0
25,10,2,2,0,139,0,1,0,11,4,1,91,1,3,1
40,0,0,2,0,4,0,0,0,30,5,3,-1,0,1,0
32,10,1,2,0,444,0,0,0,29,1,2,-1,0,1,0
34,4,0,3,0,582,0,0,0,20,9,3,-1,0,1,0
56,1,1,2,0,1119,1,0,0,14,1,2,-1,0,1,0
55,4,0,3,0,0,0,0,0,22,10,5,-1,0,1,0
50,0,1,2,0,-185,0,0,0,2,3,1,-1,0,1,1
29,4,1,3,0,1387,1,0,0,18,8,2,-1,0,1,0
19,9,2,2,0,291,0,0,2,5,8,5,-1,0,1,0
60,3,1,1,0,921,0,0,2,30,5,15,-1,0,1,0
56,6,0,1,0,48,1,0,0,14,8,2,-1,0,1,0
34,8,1,2,0,88,1,1,1,29,8,2,-1,0,1,0
29,1,2,2,0,415,0,1,0,28,4,1,-1,0,1,0
57,10,1,2,0,124,1,0,2,11,8,1,287,12,0,0
36,4,1,3,0,1584,1,0,0,18,5,1,-1,0,1,0
44,8,1,2,0,744,1,0,1,29,8,1,-1,0,1,0
32,10,2,3,0,550,0,0,0,19,9,1,-1,0,1,1
56,4,1,3,0,616,0,0,0,6,3,1,-1,0,1,1
58,1,1,1,0,3108,0,1,0,21,9,1,-1,0,1,0
39,0,1,2,0,732,0,0,0,23,0,4,-1,0,1,0
37,4,1,3,0,23,1,0,1,26,8,2,-1,0,1,0
32,4,1,3,0,4761,1,0,0,5,8,2,350,2,0,0
27,11,2,2,0,0,1,0,0,6,8,1,-1,0,1,0
58,5,1,3,0,327,0,0,2,18,4,4,-1,0,1,0
35,10,1,2,0,0,0,0,0,20,9,1,-1,0,1,1
34,4,1,3,0,580,1,0,0,10,5,1,-1,0,1,0
25,0,2,3,0,3730,1,0,0,27,3,1,-1,0,1,0
50,1,1,0,0,1537,0,0,1,17,6,6,-1,0,1,0
59,1,1,1,0,8,0,0,2,28,4,1,-1,0,1,0
50,8,1,2,0,1321,0,0,1,17,6,2,-1,0,1,0
79,6,1,2,0,723,0,0,2,22,6,3,-1,0,1,0
36,4,2,3,0,538,0,0,0,23,6,1,183,5,3,1
31,1,1,2,0,2,1,0,0,10,5,1,-1,0,1,0
47,0,2,3,0,178,0,0,2,5,3,6,-1,0,1,0
78,6,0,1,0,1389,0,0,0,8,0,1,-1,0,1,1
45,11,1,2,0,891,1,0,1,7,4,1,-1,0,1,0
35,4,0,2,0,124,1,0,0,16,0,4,146,5,0,0
54,1,1,1,0,24,1,0,1,15,8,1,-1,0,1,0
35,10,2,3,0,992,1,0,2,12,3,1,170,4,0,0
75,6,1,2,0,291,0,0,0,12,1,1,182,2,3,1
45,0,1,2,0,840,1,0,1,30,8,3,-1,0,1,0
35,1,1,2,0,0,1,0,0,17,0,1,-1,0,1,0
40,4,1,3,0,542,1,0,0,20,9,1,-1,0,1,0
30,4,1,3,0,1567,1,0,0,12,1,4,-1,0,1,0
32,4,1,3,0,1388,1,0,0,30,0,1,-1,0,1,0
32,2,1,3,0,281,1,0,2,20,0,5,349,2,0,0
36,7,2,3,0,3560,0,0,1,2,6,2,-1,0,1,0
56,4,0,1,0,26,1,0,0,13,8,4,359,2,2,1
50,2,1,3,0,-168,1,0,0,23,5,2,-1,0,1,0
56,8,1,1,0,966,0,1,0,10,5,1,-1,0,1,0
30,4,1,3,0,1235,0,0,0,28,4,2,-1,0,1,0
31,8,2,2,0,1987,1,0,2,20,9,2,-1,0,1,0
37,8,2,2,0,-244,0,0,1,3,5,1,-1,0,1,0
48,0,1,2,0,156,0,0,0,4,1,1,-1,0,1,1
59,2,1,2,0,496,0,0,0,22,10,3,183,1,3,1
44,4,0,3,1,-411,1,0,1,2,6,4,-1,0,1,0
75,5,1,3,0,643,0,0,0,15,10,2,-1,0,1,1
37,0,0,2,0,1533,1,0,0,21,9,4,-1,0,1,0
30,11,2,3,0,306,0,0,1,26,8,14,-1,0,1,0
80,6,0,1,0,235,0,0,0,31,7,1,223,3,2,1
77,6,1,1,0,2590,0,0,2,12,1,1,178,20,0,1
43,10,1,3,0,0,0,0,0,4,1,2,-1,0,1,1
45,1,2,2,0,91,0,1,0,18,9,1,127,2,0,0
35,2,1,2,0,350,1,0,1,21,8,1,-1,0,1,0
42,1,1,2,0,1598,1,1,0,16,0,2,-1,0,1,0
41,1,1,2,0,-217,1,0,0,11,8,1,349,3,2,1
80,6,1,2,0,8304,0,0,2,9,6,1,64,12,0,1
30,10,2,2,0,54,0,0,0,11,1,2,-1,0,1,1
41,10,1,2,0,636,1,0,0,21,9,1,177,1,2,1
57,6,1,2,0,1794,0,1,1,20,6,3,-1,0,1,0
54,4,1,3,0,3395,0,0,0,7,1,2,-1,0,1,1
68,6,1,3,0,2820,0,0,0,3,2,1,97,2,0,1
45,1,1,2,0,103,0,0,1,18,6,1,-1,0,1,0
31,10,2,2,0,506,0,0,0,21,1,4,-1,0,1,0
41,4,1,3,0,3872,0,0,0,15,10,1,-1,0,1,1
33,10,1,2,0,711,0,0,0,4,2,2,-1,0,1,1
25,1,2,2,0,495,0,0,0,7,5,3,-1,0,1,0
29,10,2,3,0,3,1,0,1,7,8,1,-1,0,1,0
24,10,1,2,0,556,1,0,0,18,1,2,-1,0,1,0
30,10,1,3,0,14355,0,0,0,7,1,2,-1,0,1,1
34,11,1,2,0,1243,1,1,0,8,8,4,-1,0,1,0
39,4,1,3,0,151,1,0,1,21,8,1,-1,0,1,0
27,0,2,2,0,691,1,0,1,3,6,2,-1,0,1,0
55,1,1,1,0,-636,1,0,2,13,8,5,348,3,0,0
31,10,2,2,0,1062,0,0,0,18,9,1,-1,0,1,1
54,10,2,3,0,467,1,0,0,18,5,3,-1,0,1,0
48,1,1,2,0,904,1,0,1,5,8,2,-1,0,1,0
79,6,1,2,0,668,0,0,2,2,5,1,-1,0,1,0
45,1,1,1,0,180,1,1,1,29,8,1,-1,0,1,0
56,6,1,1,0,340,1,0,0,21,5,1,-1,0,1,0
38,11,1,1,0,890,1,0,0,5,3,2,-1,0,1,0
62,3,1,0,0,2021,0,0,2,26,3,1,-1,0,1,0
83,3,0,1,0,5944,0,0,0,30,5,3,-1,0,1,0
33,9,2,3,0,882,1,0,0,6,3,1,-1,0,1,0
50,2,1,2,0,78,0,0,2,4,6,1,-1,0,1,0
53,2,1,2,0,230,1,0,0,4,3,2,250,1,2,1
28,4,2,3,0,3285,1,0,1,9,8,1,-1,0,1,0
30,0,0,2,0,377,1,0,1,4,6,15,-1,0,1,0
51,0,2,2,0,726,1,0,0,27,0,8,-1,0,1,0
55,10,0,2,0,184,0,0,1,13,8,1,-1,0,1,0
53,10,1,2,0,9146,0,0,0,13,1,4,-1,0,1,0
31,8,2,2,0,-475,1,0,2,12,8,3,-1,0,1,0
40,1,1,1,0,254,1,0,0,7,5,3,-1,0,1,0
35,1,1,0,0,568,1,0,0,14,8,2,293,1,0,0
25,9,2,2,0,2975,0,0,0,2,11,2,-1,0,1,1
53,6,1,2,0,357,0,0,1,18,6,2,-1,0,1,0
33,10,1,3,0,0,0,0,0,30,0,2,-1,0,1,0
41,1,2,1,0,-206,0,0,1,20,6,1,-1,0,1,0
37,8,1,2,0,1543,1,0,0,22,8,1,10,6,0,0
35,0,1,2,0,1254,1,1,0,1,5,2,-1,0,1,0
32,0,1,2,0,366,0,0,0,14,4,2,-1,0,1,0
45,0,1,2,1,-106,1,1,0,7,8,3,288,1,2,0
41,8,1,2,0,138,1,0,1,1,5,3,-1,0,1,0
35,1,1,2,0,293,1,0,0,17,0,1,325,1,2,1
31,0,2,2,0,131,1,0,0,15,6,1,-1,0,1,0
52,4,1,3,0,2635,0,0,0,6,11,1,108,8,3,1
46,10,1,3,0,3009,0,0,0,4,1,2,-1,0,1,1
60,6,1,2,0,7038,0,0,2,7,10,4,-1,0,1,0
28,4,2,3,0,957,0,0,0,25,8,2,-1,0,1,0
